id,subreddit,subreddit_type,title,text,author,score,created_utc,num_comments,sentiment,category
1kxou8w,ptsd,ptsd_processed,family used to drug me to get me to go to sleep when i was a young child,,LeaveMy_A_D_D_alone,38,1748457513.0,12,,
1kxzyv9,ptsd,ptsd_processed,could you tell you were forgettingblocking out a traumatic event also how did you successfully recover lost memories tw sa,,Flat-Organization230,6,1748486741.0,12,,
1ky0edn,ptsd,ptsd_processed,just need to let it out,,migzwu,5,1748488092.0,2,,
1kxsxx2,ptsd,ptsd_processed,does a flashback feel like you are literally there,,changeorghelp,11,1748467260.0,33,,
1kxwyuv,ptsd,ptsd_processed,summer is triggering,,Flaky-Amphibian8045,6,1748477850.0,5,,
1ky19yl,ptsd,ptsd_processed,i keep getting awful and unwanted memories without anything obvious triggering them,,Zaryxea,3,1748490932.0,1,,
1kxjs03,ptsd,ptsd_processed,has ptsd ever impacted your romantic relationship what did you do about it,,wildwest98,24,1748445511.0,27,,
1ky4z51,ptsd,ptsd_processed,the nightmares and the feelings it is a lot like when i tried taking psychedelics,,thesupersoap33,1,1748504932.0,1,,
1ky4mmm,ptsd,ptsd_processed,sa parent,,Bertsch81,1,1748503518.0,1,,
1ky4gnc,ptsd,ptsd_processed,dating someone with ptsd,,bagpipesandartichoke,1,1748502864.0,2,,
1kxw3qn,ptsd,ptsd_processed,is this ptsd,,badboyzpwns,3,1748475462.0,1,,
1kxxfde,ptsd,ptsd_processed,anyone have physical symptoms years later when not anxioustriggered,,Proof_Candy175,2,1748479162.0,2,,
1kxr9ym,ptsd,ptsd_processed,sometimes i can tolerate triggers sometimes i cannot have you ever experienced this,,biebergirl77,5,1748463323.0,1,,
1kxr0l0,ptsd,ptsd_processed,has anyone had experiences with ptsd severely affecting their work,,Fun_Molasses5215,4,1748462698.0,1,,
1kxk9yw,ptsd,ptsd_processed,i wish i did not have such weird specific triggers,,socuteboss_ali,8,1748446722.0,3,,
1kxyv57,ptsd,ptsd_processed,so what if it is not a wild animal trying to kill me,,iamval2,1,1748483411.0,2,,
1kxm2lj,ptsd,ptsd_processed,does anyone else have major issues interfacing with the system,,Effective-Air396,5,1748450964.0,2,,
1kxljao,ptsd,ptsd_processed,should i feel both relieved and unsure about being diagnosed with ptsd,,Few-Ability-7312,5,1748449676.0,8,,
1kxlz75,ptsd,ptsd_processed,i wanted to be more vulnerable about my experiences but it was not taken well,,celestial-typhoon,3,1748450738.0,2,,
1kxb3qx,ptsd,ptsd_processed,does anyone else talk through their flashbacks,,dumbrabbit1010,14,1748417651.0,9,,
1kxo11r,ptsd,ptsd_processed,this shit again,,ihatemakinguserna,2,1748455587.0,5,,
1kxbobq,ptsd,ptsd_processed,why should you get rid ofreduce your hypervigilance,,xelaxal,13,1748419997.0,18,,
1kxmz3i,ptsd,ptsd_processed,tw sa how does you are mindbodyanything else tell you that uve been rpd,,sometimesme-,1,1748453117.0,2,,
1kwqdpr,ptsd,ptsd_processed,is it normal for ptsd to not affect you some days,,ikexov,51,1748360192.0,35,,
1kx3qz3,ptsd,ptsd_processed,took my therapists advice it blew up in my face,,corazonsinalma,6,1748393001.0,3,,
1kwutam,ptsd,ptsd_processed,have you experienced a delayed emotional reaction to trauma,,Enough_Gain_1838,18,1748370482.0,9,,
1kwsz8j,ptsd,ptsd_processed,life is cancer with this condition,,Whichchild,22,1748366232.0,6,,
1kx548q,ptsd,ptsd_processed,house fire when i was little still think about it,,frogaganda,3,1748397048.0,2,,
1kx6gez,ptsd,ptsd_processed,i am having vision problems,,Winter_Resource_4763,2,1748401060.0,1,,
1kx33wn,ptsd,ptsd_processed,ptsd is actually affecting me i think,,TotalEbb5037,4,1748391105.0,1,,
1kx9tmb,ptsd,ptsd_processed,online and zoom support group meeting,,Throwawaybestupid,1,1748412524.0,1,,
1kx0kxe,ptsd,ptsd_processed,battling ptsd gotten from abuse my whole life,,coldvoid322,4,1748384176.0,5,,
1kwztjw,ptsd,ptsd_processed,it is been over a year and a half i am still having episodes,,aobitsexual,5,1748382289.0,2,,
1kwwf7w,ptsd,ptsd_processed,any advice i feel alone,,randomgen_pidgeon,7,1748374221.0,8,,
1kwkoa0,ptsd,ptsd_processed,my sa case was found not guilty tw sa legal system,,paloma_paloma,26,1748344654.0,17,,
1kwz3ze,ptsd,ptsd_processed,questions about ptsdanxiety,,picklerick1420,5,1748380579.0,4,,
1kwsp64,ptsd,ptsd_processed,i cannot get away from this stupid brain fog,,Ok_Addition_7875,7,1748365593.0,2,,
1kwvfzl,ptsd,ptsd_processed,i think my ptsd might be worse than i thought,,FaithlessnessNo6639,5,1748371965.0,4,,
1kwwyx3,ptsd,ptsd_processed,how do i stop blaming myself for my emotional trauma responses that caused my loved ones pain,,Neighborhood_Pure,3,1748375531.0,2,,
1kwsruo,ptsd,ptsd_processed,sudden sense feelings of impending doom,,chelssamber,3,1748365767.0,1,,
1kwc3d1,ptsd,ptsd_processed,i think ptsd might have ruined me and i am better off alone,,ilovecheese31,38,1748312257.0,13,,
1kwsu11,ptsd,ptsd_processed,dissociated at the gym ignored a former coworker who once helped me now i feel awful,,GoldCarnation,2,1748365905.0,1,,
1kwm38t,ptsd,ptsd_processed,advice needed selftriggering to stop being haunted by my trauma,,Hot-Sentence-586,5,1748349202.0,5,,
1kwhb3b,ptsd,ptsd_processed,shocked by how calm other people are compared to you,,apublicvent,10,1748331135.0,6,,
1kwh0fq,ptsd,ptsd_processed,desire to fight all the time but not wanting to fight anyone in particular,,Significant-Tree-533,7,1748329903.0,2,,
1kvyv7u,ptsd,ptsd_processed,rating some responses i have gotten to telling people i have ptsd,,ThrowAway44228800,121,1748277324.0,56,,
1kwh4e8,ptsd,ptsd_processed,i need help so i do not relapse on selfharm,,-PlotzSiva-,7,1748330356.0,5,,
1kwkdmx,ptsd,ptsd_processed,still new to me,,Top-Professional-580,3,1748343648.0,1,,
1kwg3al,ptsd,ptsd_processed,i need some advice,,lanapaige613362,7,1748326169.0,8,,
1kwkyxw,ptsd,ptsd_processed,why is choosing myself the hardest thing,,Belloooon,2,1748345685.0,1,,
1kw9gm4,ptsd,ptsd_processed,symptoms you have,,Flat-Organization230,11,1748304154.0,27,,
1kwlv7f,ptsd,ptsd_processed,sudden severe insomnia after expressive writing has anyone experienced this,,Party-Log-1084,1,1748348540.0,1,,
1kwgat0,ptsd,ptsd_processed,struggling with extreme stress response,,CKrazyA,3,1748327008.0,1,,
1kweucy,ptsd,ptsd_processed,coping mechanisms,,lilrays-420ed,3,1748321489.0,1,,
1kwbl1k,ptsd,ptsd_processed,what is wrong w me,,Responsible_Vast1786,4,1748310698.0,3,,
1kw7s3o,ptsd,ptsd_processed,the exhaustion,,IndependentZombie615,7,1748299347.0,3,,
1kwd7c7,ptsd,ptsd_processed,clonidine,,impulsivebunnyshit,3,1748315787.0,8,,
1kw829d,ptsd,ptsd_processed,i have a question i need help,,Raheema_jx,6,1748300140.0,4,,
1kwe72z,ptsd,ptsd_processed,new found fear of storms,,throwRA437890,2,1748319139.0,1,,
1kwbieq,ptsd,ptsd_processed,does this sound like ptsd,,punk_possums,3,1748310466.0,36,,
1kw0hgf,ptsd,ptsd_processed,how do you deal with body sensations that remind you of traumabody memories,,LovePossumss,13,1748281160.0,4,,
1kwfl6a,ptsd,ptsd_processed,first flashback,,Soft-Tangelo-1026,1,1748324252.0,2,,
1kw1aw9,ptsd,ptsd_processed,looking for mental health tattoo ideas,,Inside_Bathroom_2156,8,1748283110.0,22,,
1kw64ha,ptsd,ptsd_processed,i have to see my abuser in a week and i am having a hard time trying not to freak out,,anonymouss_1821,4,1748295008.0,1,,
1kwall7,ptsd,ptsd_processed,night terrors and a canopy bed frame,,Own-Discipline6685,3,1748307635.0,1,,
1kvqned,ptsd,ptsd_processed,posting this because carrying it alone got too loud,,Significant-Draw-126,28,1748253661.0,22,,
1kw5bn1,ptsd,ptsd_processed,anxiety caused by cptsd,,NoGender-justHooman,4,1748293003.0,6,,
1kw2qir,ptsd,ptsd_processed,can bullying because ptsd,,None,5,1748286570.0,23,,
1kvtprw,ptsd,ptsd_processed,verbally assaulted by stranger,,Throwawaybestupid,12,1748264316.0,4,,
1kwbp6v,ptsd,ptsd_processed,post car crash,,Odd_Acanthisitta_635,1,1748311051.0,1,,
1kw2pa7,ptsd,ptsd_processed,how do you guys navigate selfblame,,chicksneverdiealone,3,1748286488.0,1,,
1kvw2ot,ptsd,ptsd_processed,recreational cannabis with ptsd,,WhatImNotBot,7,1748270510.0,26,,
1kw2e8f,ptsd,ptsd_processed,i do not know how to act anymore,,roseysword,2,1748285760.0,1,,
1kw6bdg,ptsd,ptsd_processed,if you were attacked by a bull wearing a red shirt is that mauled,,h0tnessm0nster7,0,1748295493.0,3,,
1kvupu6,ptsd,ptsd_processed,heartbreak,,Professional-Edge925,4,1748267076.0,5,,
1kvup57,ptsd,ptsd_processed,i am at my wits end,,Historical-Bench-976,2,1748267023.0,2,,
1kvfl57,ptsd,ptsd_processed,from numb to feeling everything the wild ride of actually healing,,whahapeen,28,1748214211.0,14,,
1kvlews,ptsd,ptsd_processed,cannot stop reliving that day,,Patient-Move1840,10,1748233123.0,7,,
1kvm3qh,ptsd,ptsd_processed,suffering from trauma,,Reesejay44,4,1748235596.0,2,,
1kvikny,ptsd,ptsd_processed,waking up crying,,ILiveInsideASkeleton,8,1748223566.0,5,,
1kvms5i,ptsd,ptsd_processed,resource audio overview of healing the shame that binds you,,I_Died_Long_Ago,3,1748238111.0,1,,
1kvntya,ptsd,ptsd_processed,june,,YouAreSoGorgeous,2,1748242130.0,1,,
1kvmgu4,ptsd,ptsd_processed,i cannot unsee it how do i stop,,Known_Ad_9532,2,1748236938.0,2,,
1kvjvbb,ptsd,ptsd_processed,any advice to help ease the anxiety,,MIGHTYMOUSE2005,3,1748227951.0,7,,
1kvo8c3,ptsd,ptsd_processed,i hate triggers,,caylin_walsh,1,1748243667.0,1,,
1kvbukv,ptsd,ptsd_processed,is it okay to ask for triggers,,Catholic_stalinist,8,1748203898.0,6,,
1kvlm3r,ptsd,ptsd_processed,i am so angry all the time,,NormalestMan22,1,1748233830.0,1,,
1kvo0i3,ptsd,ptsd_processed,serious car wreck should have died please what do i do,,moushroum,0,1748242828.0,9,,
1kv2z20,ptsd,ptsd_processed,i cannot love the way i used to anymore,,ErrorImaginary1394,7,1748180896.0,1,,
1kuw2gz,ptsd,ptsd_processed,had a violent childhood i was not scared of anything until now,,jackolaine,15,1748155012.0,4,,
1kunrrq,ptsd,ptsd_processed,i am on hypervigilance mode i have this feeling that everybody is a threat to me does someone has tips on how to relax and put the guard down,,Positive-Training639,54,1748126281.0,24,,
1kv91p3,ptsd,ptsd_processed,advice please,,Wide_Rooster7425,1,1748196608.0,1,,
1kutvf7,ptsd,ptsd_processed,memorial day,,FullMetal_Sniper,8,1748146516.0,5,,
1kuv6uc,ptsd,ptsd_processed,whenever i feel as though i am beginning to become a version of myself i see my husbands frustration and i remember that he thought i was with him for convenience,,Lorrainecnba,6,1748151503.0,1,,
1kuxbey,ptsd,ptsd_processed,partner with severe ptsd son moving in feeling hopeless and moving on,,tmck-56,2,1748160179.0,6,,
1kuwtm4,ptsd,ptsd_processed,weird trigger from something i did,,None,4,1748158106.0,3,,
1kusmks,ptsd,ptsd_processed,my dad has ptsd any advice,,Majestic-Craft-3355,5,1748142099.0,8,,
1kuwo9l,ptsd,ptsd_processed,advice pleaseee emdr therapy ptsd,,No_Yoghurt_737,2,1748157483.0,4,,
1kxoikl,SuicideWatch,SuicideWatch_processed,why does everyone always sound like they are speaking out of a textbook,,Friendly_Citron_8651,367,1748456741.0,76,,
1kxzob3,SuicideWatch,SuicideWatch_processed,my wife died i cannot get over it,,Which-Elderberry-890,47,1748485846.0,13,,
1ky3wo6,SuicideWatch,SuicideWatch_processed,i want to go back i want go back i want to remain a child i want to remain a child i want to remain a child i want to remain a child i want to remain a child,,froggiesandrain,14,1748500620.0,5,,
1kxybkn,SuicideWatch,SuicideWatch_processed,i was just a fucktoy to you,,porknobeans,37,1748481782.0,3,,
1ky24sc,SuicideWatch,SuicideWatch_processed,went to a mental hospital and they did not do anything,,KindAlternative3652,15,1748493847.0,1,,
1kxz3fx,SuicideWatch,SuicideWatch_processed,suicide feels like the only way to escape this body,,Funnyfigure,23,1748484094.0,11,,
1ky3c5e,SuicideWatch,SuicideWatch_processed,i have a beautiful place to end it,,Glittering-Most3374,11,1748498397.0,2,,
1kxi50l,SuicideWatch,SuicideWatch_processed,i do not really care if it gets better suicide is the best solution,,doSimmm,181,1748441572.0,39,,
1ky22qu,SuicideWatch,SuicideWatch_processed,i am a low life zero potential failure excuse of a human,,grldchknchezbugr,11,1748493633.0,3,,
1ky4oun,SuicideWatch,SuicideWatch_processed,have literally only been staying alive all this time purely just for food porn games and friends,,throwaway_250409,7,1748503774.0,0,,
1ky2fpp,SuicideWatch,SuicideWatch_processed,it does not get better,,fnafiscool1,9,1748494929.0,1,,
1ky2uo6,SuicideWatch,SuicideWatch_processed,i need someone to be there for me,,olivia6likes5death,8,1748496491.0,4,,
1ky2s00,SuicideWatch,SuicideWatch_processed,i just wish i could disappear into thin air,,ivebeenlivingaliee,6,1748496197.0,2,,
1ky2k7n,SuicideWatch,SuicideWatch_processed,everything is connected and it is all proof i should die,,monsterrosa,7,1748495384.0,2,,
1ky47fw,SuicideWatch,SuicideWatch_processed,why cannot i just die,,Miserable_Ideal_6602,5,1748501834.0,1,,
1kxmmci,SuicideWatch,SuicideWatch_processed,i was raped and i hate myself so much,,Bub815,56,1748452261.0,25,,
1ky388q,SuicideWatch,SuicideWatch_processed,i think i might be losing my mind and i would much rather be dead,,crushingqwerty,4,1748497954.0,7,,
1ky37su,SuicideWatch,SuicideWatch_processed,i keep procrastinating my suicide,,werdim,4,1748497903.0,2,,
1kxvht9,SuicideWatch,SuicideWatch_processed,tonight might be the end,,fish4cat_,17,1748473796.0,10,,
1ky09um,SuicideWatch,SuicideWatch_processed,if i die i get to see him,,LisaG1234,8,1748487698.0,4,,
1kxysfy,SuicideWatch,SuicideWatch_processed,the thought of having to live for multiple more decades absolutely terrifies me,,rasp_berry815,9,1748483187.0,1,,
1ky1x62,SuicideWatch,SuicideWatch_processed,you have value yeah let me tell you a little bit about myself,,Friendly_Citron_8651,6,1748493081.0,1,,
1ky2szm,SuicideWatch,SuicideWatch_processed,i do not want to die and i do not think i have it in me to kill myself but these suicidal thoughts feel too much to bear,,serenymph,4,1748496303.0,3,,
1kxwtw6,SuicideWatch,SuicideWatch_processed,just quit my job cannot take it anymore,,SharpFlyyngAxe,12,1748477459.0,2,,
1ky0rr4,SuicideWatch,SuicideWatch_processed,i am so fucking done,,killhappy0,8,1748489257.0,4,,
1kxygc2,SuicideWatch,SuicideWatch_processed,i found freedom losing all hope is freedom,,GBDFW,10,1748482175.0,0,,
1ky3ofh,SuicideWatch,SuicideWatch_processed,planning to commit suicide in months,,damefortuna,3,1748499712.0,8,,
1ky4pml,SuicideWatch,SuicideWatch_processed,god is a sadistic fuck,,ybhv,3,1748503859.0,3,,
1ky4paj,SuicideWatch,SuicideWatch_processed,chronic pain will not end,,Individual-Carry-795,3,1748503823.0,0,,
1kxk72w,SuicideWatch,SuicideWatch_processed,i am so horribly scared of killing myself anyone wants to talk,,Comfortablel4ke,55,1748446523.0,35,,
1ky33h5,SuicideWatch,SuicideWatch_processed,i cannot breathe,,Dapper-Catch-6741,4,1748497431.0,1,,
1ky1eee,SuicideWatch,SuicideWatch_processed,asking for donations,,SurroundFast8089,4,1748491324.0,0,,
1ky126q,SuicideWatch,SuicideWatch_processed,i do not want to do this anymore,,Itchy-Cryptographer2,6,1748490203.0,0,,
1ky0wyn,SuicideWatch,SuicideWatch_processed,i am struggling,,Dapper-Rope-6109,5,1748489725.0,1,,
1ky1wfj,SuicideWatch,SuicideWatch_processed,my life is messed up is how i would describe it i am adopted got no friends skip school,,CapableFace8384,4,1748493008.0,8,,
1ky3a2z,SuicideWatch,SuicideWatch_processed,i have no one left,,Plastic-Actuary-1353,4,1748498162.0,1,,
1ky37i1,SuicideWatch,SuicideWatch_processed,nothing,,Kifflom13,3,1748497869.0,1,,
1kxhgvr,SuicideWatch,SuicideWatch_processed,i just want to be normal,,Pure_Zucchini_Rage,60,1748439877.0,7,,
1ky31ku,SuicideWatch,SuicideWatch_processed,i think i ruined everything,,Final_Relationship84,3,1748497228.0,0,,
1ky2zli,SuicideWatch,SuicideWatch_processed,time does not heal all wounds,,Cav3manDave,3,1748497014.0,2,,
1ky4o1o,SuicideWatch,SuicideWatch_processed,new for me,,No_One_8902,2,1748503679.0,0,,
1ky4neu,SuicideWatch,SuicideWatch_processed,i feel really empty today,,Yakffe,2,1748503602.0,3,,
1kxjbu5,SuicideWatch,SuicideWatch_processed,a win and a warning graphic,,Remarkable_Toe3470,40,1748444469.0,4,,
1kxu9xp,SuicideWatch,SuicideWatch_processed,this may be my last minecraft world,,Altruistic-Isopod576,9,1748470582.0,1,,
1ky4927,SuicideWatch,SuicideWatch_processed,i cannot stand that i am still here,,ch0bro,2,1748502015.0,0,,
1ky0iml,SuicideWatch,SuicideWatch_processed,goodbye,,anxious_framer,4,1748488459.0,0,,
1kxwm0g,SuicideWatch,SuicideWatch_processed,i wish i was in a void of nothing,,Lost_Special8839,8,1748476855.0,0,,
1kxoy86,SuicideWatch,SuicideWatch_processed,i am doing it today,,Tasty_Scholar198,18,1748457791.0,5,,
1kxym4j,SuicideWatch,SuicideWatch_processed,other people not you guys just do not understand,,Helpful-Reply-5684,5,1748482659.0,0,,
1kxxarp,SuicideWatch,SuicideWatch_processed,wife is having an affair,,Federal-Marsupial946,5,1748478791.0,2,,
1ky3rof,SuicideWatch,SuicideWatch_processed,i was planning tonight,,Odd_Fish_8793,2,1748500069.0,0,,
1ky3lkm,SuicideWatch,SuicideWatch_processed,i guess i have decided,,Distinct_Poem_3058,2,1748499396.0,1,,
1kxzldj,SuicideWatch,SuicideWatch_processed,i hate myself,,Old-Breakfast-8198,5,1748485597.0,3,,
1ky34fg,SuicideWatch,SuicideWatch_processed,i am not resentful or angry but i just want out,,Pale_Ebb_7322,2,1748497532.0,2,,
1ky0v12,SuicideWatch,SuicideWatch_processed,i inadvertently brought this even closer,,Boring_Kiwi_6446,3,1748489551.0,0,,
1ky307t,SuicideWatch,SuicideWatch_processed,i should be happy but i am crying,,sheleelove,2,1748497080.0,2,,
1kxys7y,SuicideWatch,SuicideWatch_processed,my last day on earth,,Responsible_Jump2050,4,1748483169.0,2,,
1kxx5zk,SuicideWatch,SuicideWatch_processed,when is it ok to give up,,Pristine_Ad3279,5,1748478414.0,3,,
1kxwx3f,SuicideWatch,SuicideWatch_processed,i am now did not think id make it this long,,Evenpaths18,5,1748477710.0,2,,
1ky26g4,SuicideWatch,SuicideWatch_processed,i just want peace,,International-Wear61,2,1748494011.0,1,,
1kxjv2q,SuicideWatch,SuicideWatch_processed,so excited to die,,semiburntout,23,1748445713.0,11,,
1kxzila,SuicideWatch,SuicideWatch_processed,i am checking out soon,,MansonFan8719,3,1748485356.0,1,,
1kxxi6e,SuicideWatch,SuicideWatch_processed,i cannot take it anymore,,Hideands1ck,4,1748479396.0,9,,
1kxnfey,SuicideWatch,SuicideWatch_processed,i do not want to die,,unsuccessfulburden,15,1748454176.0,1,,
1ky1fal,SuicideWatch,SuicideWatch_processed,work,,Savings_Me,2,1748491400.0,0,,
1ky1dal,SuicideWatch,SuicideWatch_processed,i do not know if gf is suicidal or toxic,,Maleficent_Lime_488,2,1748491240.0,1,,
1ky4xn6,SuicideWatch,SuicideWatch_processed,finally,,Illustrious-Olive387,1,1748504763.0,0,,
1ky4w96,SuicideWatch,SuicideWatch_processed,it is all i want but there is no one to look after my cats,,kwisp_ee,1,1748504598.0,0,,
1ky19th,SuicideWatch,SuicideWatch_processed,trapped,,Secret_Solider,2,1748490919.0,0,,
1ky4swu,SuicideWatch,SuicideWatch_processed,i do not know what to do anymore,,Icedpicklebrine,1,1748504224.0,0,,
1ky4rbg,SuicideWatch,SuicideWatch_processed,self harm,,HostWorried6374,1,1748504041.0,0,,
1ky0wfa,SuicideWatch,SuicideWatch_processed,once again here because i want to die mini vent,,OliverOmc,2,1748489678.0,0,,
1kxpsu3,SuicideWatch,SuicideWatch_processed,i cannot stop fantasizing about suicide but at the same time i just cannot do it,,K1TSUNEX_1,9,1748459795.0,2,,
1ky4f4z,SuicideWatch,SuicideWatch_processed,the itch i cannot scratch,,Evening-Tailor-3030,1,1748502689.0,0,,
1kxots0,SuicideWatch,SuicideWatch_processed,i made it to we will make it to,,WorkingLecture3648,9,1748457481.0,4,,
1ky4b60,SuicideWatch,SuicideWatch_processed,i do not know what to do and i feel like i should just give up,,WolverineBoring2452,1,1748502228.0,0,,
1ky0i5x,SuicideWatch,SuicideWatch_processed,i hope i die in my sleep tonight,,convertingcreative,2,1748488420.0,0,,
1kxjr6o,SuicideWatch,SuicideWatch_processed,would i be a bad person for killing myself,,painfulscarz,18,1748445456.0,10,,
1ky0fit,SuicideWatch,SuicideWatch_processed,tonight is the night,,misosoup_________,2,1748488190.0,3,,
1ky4675,SuicideWatch,SuicideWatch_processed,every single night,,Apathetic_tangerine,1,1748501693.0,0,,
1ky0cbp,SuicideWatch,SuicideWatch_processed,ending my life before it begins,,tukutat,2,1748487916.0,4,,
1ky42rt,SuicideWatch,SuicideWatch_processed,i do not want to but i feel like i need to,,FortressRoundMyHeart,1,1748501304.0,0,,
1kxvhls,SuicideWatch,SuicideWatch_processed,there is no meaning,,Antique_Arugula8877,5,1748473780.0,2,,
1ky02y3,SuicideWatch,SuicideWatch_processed,so empty i have nothing left in me,,Strong-Bad-9902,2,1748487103.0,0,,
1kxxeuh,SuicideWatch,SuicideWatch_processed,i might just do it,,Ok_Note7223,3,1748479119.0,1,,
1kxtoaq,SuicideWatch,SuicideWatch_processed,i want to end it so bad,,myself2pointO,5,1748469055.0,3,,
1ky00bp,SuicideWatch,SuicideWatch_processed,i am ready to go,,rattlesnake87,2,1748486871.0,2,,
1kxzr73,SuicideWatch,SuicideWatch_processed,i want to die so bad,,cherixq,2,1748486093.0,4,,
1ky3l5r,SuicideWatch,SuicideWatch_processed,i think about it every second,,NoSalary5964,1,1748499351.0,0,,
1ky3kmk,SuicideWatch,SuicideWatch_processed,the woods,,girlgruel,1,1748499294.0,0,,
1ky3igy,SuicideWatch,SuicideWatch_processed,i cannot fix myself fast enough,,flopsaliaa,1,1748499063.0,3,,
1kxn5g2,SuicideWatch,SuicideWatch_processed,male here,,Whole-Profile9012,9,1748453540.0,1,,
1kxzcgy,SuicideWatch,SuicideWatch_processed,what should i do with the rest of my money,,ez2remember12,2,1748484847.0,2,,
1ky3921,SuicideWatch,SuicideWatch_processed,god wants me to kill myself,,riddl3-m3-this,1,1748498052.0,0,,
1kxz8dj,SuicideWatch,SuicideWatch_processed,my note,,DivideNo571,2,1748484500.0,1,,
1kxz59q,SuicideWatch,SuicideWatch_processed,i am in days,,agent0017,2,1748484240.0,1,,
1kxwb0n,SuicideWatch,SuicideWatch_processed,why bother when there is nothing left for me,,ode-to-clear,3,1748476017.0,0,,
1kxys65,SuicideWatch,SuicideWatch_processed,need help to report my parents f,,Connect-Sample-9461,2,1748483165.0,1,,
1kxsxr3,bipolar,bipolar_processed,i am ashamed to be seen by people who i met while i was in a creative mania,,elos81,53,1748467249.0,6,,
1kxy47g,bipolar,bipolar_processed,memory,,incoherentvoices,24,1748481190.0,25,,
1kxwhat,bipolar,bipolar_processed,mania has ruined my life,,Hot-Hospital1076,27,1748476500.0,12,,
1kxlu8m,bipolar,bipolar_processed,too aware of this disorder,,Ready_Juice_460,91,1748450417.0,37,,
1kxuvbs,bipolar,bipolar_processed,at a loss what keeps you going,,gothhawkmoth,22,1748472140.0,18,,
1kxs8gi,bipolar,bipolar_processed,is there anyone among you who also suffers from cptsd,,elos81,28,1748465574.0,30,,
1ky3ayb,bipolar,bipolar_processed,i need help,,slutkaa,5,1748498261.0,2,,
1ky4kp4,bipolar,bipolar_processed,hyper sexuality and risky behaviors,,Dependent_Entrance93,3,1748503310.0,2,,
1kxwr9r,bipolar,bipolar_processed,mild manic episodespsychosis,,EnvironmentalLog9799,11,1748477253.0,5,,
1kxzn1y,bipolar,bipolar_processed,how to get out of a depressive episode,,mayariprima,8,1748485741.0,2,,
1kxvcrw,bipolar,bipolar_processed,cannot stop calling out and i do not know what to do,,patisseriepeachs,13,1748473426.0,13,,
1ky2eu2,bipolar,bipolar_processed,i never know what to say,,PsychologicalEcho794,4,1748494854.0,3,,
1kxzvfn,bipolar,bipolar_processed,weirdest stigma after sharing diagnosis with family doctor,,Morse_Hourglass,6,1748486443.0,8,,
1kxugxl,bipolar,bipolar_processed,how do you cope with rumors that get spread about you,,gaia21414,13,1748471085.0,20,,
1ky0k5d,bipolar,bipolar_processed,always come to wild conclusions about my behavior while hypomanic,,BigBipolarThrowaway,4,1748488590.0,2,,
1kxcq1n,bipolar,bipolar_processed,i feel weird,,bipolarqueer22,127,1748424382.0,44,,
1ky4mye,bipolar,bipolar_processed,how did you guys find out and how did you feel and what now,,lxmes,2,1748503555.0,2,,
1kxisuc,bipolar,bipolar_processed,he told me things i did while i was manic and i am disturbed,,Glum-Assumption13,41,1748443198.0,4,,
1ky4aww,bipolar,bipolar_processed,happy thursday everyone,,Anveldi,2,1748502200.0,0,,
1ky1xdc,bipolar,bipolar_processed,how long should i keep seeing psychologist,,Catrolly,3,1748493100.0,3,,
1ky3wyd,bipolar,bipolar_processed,had a job for almost years what happens when it blows up,,BumblebeeMost3895,2,1748500658.0,1,,
1ky1oqy,bipolar,bipolar_processed,feeling conflicted maybe manic,,freaky_stuff,3,1748492266.0,2,,
1kxy1q0,bipolar,bipolar_processed,first full blown mania in about years,,Dear-Horror9471,5,1748480983.0,2,,
1ky2q6m,bipolar,bipolar_processed,being hyper sexual during mania,,EquivalentRooster891,2,1748496002.0,1,,
1kx9sv4,bipolar,bipolar_processed,quietly psychotic,,iamtonimorrison,143,1748412445.0,34,,
1kxpdoe,bipolar,bipolar_processed,update about my recent diagnosis,,TheMadT,12,1748458807.0,3,,
1kxwm2x,bipolar,bipolar_processed,driving people away,,littlegarden_spider,5,1748476860.0,3,,
1kx1vlt,bipolar,bipolar_processed,graduating an ivy with bipolar,,idkemmashhh,466,1748387659.0,50,,
1ky253f,bipolar,bipolar_processed,sorry,,Smart-Annual-3238,2,1748493878.0,1,,
1ky23bx,bipolar,bipolar_processed,disconnecting from peopleeveryone and finding peace manicdepressive,,stumblingmanic,2,1748493693.0,1,,
1kxxr2h,bipolar,bipolar_processed,abusive mum used my illness to try hospitalise me when i am not in an episode,,tazsirenn,5,1748480118.0,7,,
1ky1mm9,bipolar,bipolar_processed,i need and want help to keep control of my life,,No-Comparison-4328,2,1748492076.0,0,,
1kxkk39,bipolar,bipolar_processed,how do you handle regretful past thoughts of things done in mania,,ComfortablyNumb786,18,1748447378.0,14,,
1kxjfp0,bipolar,bipolar_processed,two horrible people excused with bipolar,,Budget-Box-4853,19,1748444708.0,15,,
1ky08go,bipolar,bipolar_processed,life is lifeing,,Neat-Turtle370,2,1748487593.0,1,,
1kxl9mz,bipolar,bipolar_processed,people who claim doctors are evil and prescribe drugs to make a profit,,beepboopbopolis,14,1748449055.0,25,,
1kxyvnq,bipolar,bipolar_processed,how do you avoid ruining your life,,ConversationAbject99,2,1748483451.0,1,,
1kxv6mz,bipolar,bipolar_processed,self sabotage,,Jaded-Nothing-93,3,1748472983.0,3,,
1kxoazx,bipolar,bipolar_processed,stability,,Bitter-Recognition-9,6,1748456238.0,2,,
1kxm6i0,bipolar,bipolar_processed,can anything stop psychosis by the onset of it,,being_self-absorbed,6,1748451216.0,21,,
1kxsm57,bipolar,bipolar_processed,i just got a diagnosis for bipolar disorder,,Famous_Astronomer496,3,1748466469.0,7,,
1kxq0kh,bipolar,bipolar_processed,regretting trashing manic writings,,Knadin,4,1748460319.0,0,,
1kxnw94,bipolar,bipolar_processed,here we go again,,sthack201p,6,1748455271.0,1,,
1kxyt60,bipolar,bipolar_processed,no executive function what to do,,MicroStar878,1,1748483249.0,5,,
1kxb4uu,bipolar,bipolar_processed,superpowers when manic,,_By-Polar_,28,1748417781.0,18,,
1kxj9er,bipolar,bipolar_processed,i am sorry for posting but i really need advice,,origamihotdog,6,1748444313.0,10,,
1kxxwye,bipolar,bipolar_processed,how to deal with paranoia and trauma after post psychosis,,Time-Orange46,1,1748480596.0,1,,
1kxxl1g,bipolar,bipolar_processed,i am tired of all this anxiety and depression,,MinuteCap2961,1,1748479622.0,0,,
1kxml11,bipolar,bipolar_processed,decided to play dragon quest iii this game knows me too well,,undertalemisfit,4,1748452171.0,1,,
1kxwoy8,bipolar,bipolar_processed,manic episode small business,,EnvironmentalLog9799,1,1748477075.0,2,,
1kxo0ml,bipolar,bipolar_processed,starting meds,,Kriskka,3,1748455558.0,14,,
1kxkggy,bipolar,bipolar_processed,my man cannot handle my episodes,,MediumRice2735,4,1748447141.0,2,,
1kx164e,bipolar,bipolar_processed,addicted to porn,,Kriskka,80,1748385737.0,53,,
1kxtmn3,bipolar,bipolar_processed,simply over it,,lunarjunk,1,1748468940.0,3,,
1kx5f6k,bipolar,bipolar_processed,what do you do for work,,Zorian_Vale,33,1748397956.0,82,,
1kxept7,bipolar,bipolar_processed,recently been told my a doc i am bipolar,,Jaded-Nothing-93,5,1748431906.0,10,,
1kwowvx,bipolar,bipolar_processed,medicated anti psychiatry says i am killing my brain scared now,,SpiteAdministrative5,217,1748356698.0,73,,
1kxh5pt,bipolar,bipolar_processed,feeling guiltshame when someone helps or does something nice for them,,Ratlover93,3,1748439056.0,3,,
1kxq144,bipolar,bipolar_processed,i am not the deliverer but we do not know who it is yet,,twirlspiritstherapis,0,1748460355.0,11,,
1kxpumn,bipolar,bipolar_processed,med combo,,Old-Rock2317,1,1748459917.0,6,,
1kxgpg8,bipolar,bipolar_processed,discharged from therapist after hospital did not contact them,,Investlyzee,3,1748437865.0,4,,
1kxb43s,bipolar,bipolar_processed,split in two,,Sad-Cat-6633,8,1748417693.0,2,,
1kxozif,bipolar,bipolar_processed,intentionally keeping an easy job,,Lumpy_Evening_4187,1,1748457876.0,1,,
1kx9ge1,bipolar,bipolar_processed,suicidal daydreams,,abitchoficesndfire,9,1748411142.0,3,,
1kxo6hy,bipolar,bipolar_processed,dealing with friends not understanding,,sweatygoldnugget,1,1748455946.0,14,,
1kxnb3z,bipolar,bipolar_processed,was i too much,,arachnilactose08,1,1748453898.0,3,,
1kxgrju,bipolar,bipolar_processed,discharged from therapy,,Investlyzee,2,1748438018.0,1,,
1kxlfdd,bipolar,bipolar_processed,how can you tell an episode is coming,,No_Pair178,1,1748449427.0,1,,
1kx8buw,bipolar,bipolar_processed,blurry eyes and blurry lines,,Wekeegc,8,1748407158.0,1,,
1kwyiwo,bipolar,bipolar_processed,i miss my alcoholism,,No_Pair178,34,1748379198.0,17,,
1kxew5j,bipolar,bipolar_processed,unable to be around my loved ones,,StatusInspection2156,2,1748432485.0,5,,
1kx006a,bipolar,bipolar_processed,bipolar disorder a blessing and a curse,,Relevant_Ad_5341,23,1748382746.0,18,,
1kxc5vb,bipolar,bipolar_processed,memory and focus totally off during mania,,bipolarqueer22,3,1748422073.0,2,,
1kx81wr,bipolar,bipolar_processed,when is the right time to reveal disorder to new partner,,Swimming_Horse4550,7,1748406210.0,31,,
1kxh1qg,bipolar,bipolar_processed,any advice for a bp who is always on the low,,EconomyInevitable327,1,1748438768.0,4,,
1kxgucs,bipolar,bipolar_processed,after therapy review post hospitalization,,Investlyzee,1,1748438228.0,2,,
1kws7kg,bipolar,bipolar_processed,oh no it is happening again,,Uraghnutu,42,1748364468.0,5,,
1kxcq89,bipolar,bipolar_processed,these are just words,,Any-Development-4869,2,1748424405.0,2,,
1kxak9l,bipolar,bipolar_processed,here we go again,,Senior-Breakfast6736,3,1748415489.0,3,,
1kx7pov,bipolar,bipolar_processed,how can i beat this disease,,ViolinistDifficult23,4,1748405086.0,5,,
1kx00ij,bipolar,bipolar_processed,is this true,,throwaway_fml16,14,1748382772.0,29,,
1kwughr,bipolar,bipolar_processed,will we all starve or does life reserves us a worse fate,,vincentsvv,25,1748369661.0,15,,
1kxeu0z,bipolar,bipolar_processed,help pls tw sh and suic,,Jaded-Nothing-93,1,1748432298.0,0,,
1kx25ht,bipolar,bipolar_processed,doeswould the day work week help you what about overnight shift work,,Cat_of_the_woods,9,1748388424.0,18,,
1kx7ihk,bipolar,bipolar_processed,how well do you handle traveling alone,,ComradeBehrund,3,1748404438.0,5,,
1kx4wcp,bipolar,bipolar_processed,pschosis,,BootyAndPickles,3,1748396396.0,4,,
1kwkpr6,bipolar,bipolar_processed,depression meals suggestions,,_BurntSun,52,1748344797.0,99,,
1kwvs5o,bipolar,bipolar_processed,it does come back,,OOF_V2,10,1748372748.0,0,,
1kx4jy6,bipolar,bipolar_processed,mania when medicated,,HeadNoise64,3,1748395357.0,10,,
1kwtxtu,bipolar,bipolar_processed,spending habit,,bored_boys,11,1748368458.0,7,,
1kx6ib2,bipolar,bipolar_processed,hopelessness how do you combat it,,dubbsdough,2,1748401216.0,3,,
1kx015s,bipolar,bipolar_processed,seeing things,,yungstoneydik,3,1748382814.0,3,,
1kwsbyi,bipolar,bipolar_processed,do your therapist and psychiatrist keep each other updated or just mine,,hellokittysbestfren,7,1748364752.0,19,,
1kwwnd5,bipolar,bipolar_processed,living with bipolar and anxiety this is my reality,,blessedlbbhx,4,1748374758.0,2,,
1kwjfuo,bipolar,bipolar_processed,am i manic or am i just really happy,,Round-Ad6943,21,1748340108.0,17,,
1kwlxa8,bipolar,bipolar_processed,i really want to go to the hospital,,Amk_311,12,1748348715.0,14,,
1kwld56,bipolar,bipolar_processed,do your depressions and manias feel like different people,,helensis_,11,1748347009.0,5,,
1kwszby,bipolar,bipolar_processed,another bed day,,Life_Temperature8687,4,1748366238.0,7,,
1kxsxww,anxiety,anxiety_processed,what antidepressant you will never take again,,Blue_earth4,209,1748467260.0,630,,
1kxt0zz,anxiety,anxiety_processed,anyone struggling to exercise with health anxiety,,ActualSample5230,33,1748467469.0,26,,
1kxz6u1,anxiety,anxiety_processed,most stressed i have been in my entire life,,probablyalreadyhave,11,1748484367.0,1,,
1kxo9u0,anxiety,anxiety_processed,my dog died and now i am just anxious and depressed,,Same_Collection1854,39,1748456161.0,19,,
1kxvq93,anxiety,anxiety_processed,what is something super small that your anxiety will not let you forget,,lostinwonder646,17,1748474433.0,3,,
1kxyx6j,anxiety,anxiety_processed,i have realized ice packs really help my physical anxiety,,zozomalo,10,1748483576.0,1,,
1ky2dia,anxiety,anxiety_processed,been having random anxiety having hard time finding root because,,Iceeez1,5,1748494722.0,7,,
1kxtlil,anxiety,anxiety_processed,made a serious mistake and now doctors will not help me am i screwed,,Interesting-Call-605,18,1748468864.0,14,,
1kxd8ut,anxiety,anxiety_processed,anyone else here got death and health anxiety,,Jake5537,131,1748426502.0,89,,
1ky0psm,anxiety,anxiety_processed,silexan lavender pills as effective as benzodiazepines,,AwkwardPut5637,5,1748489087.0,13,,
1ky2x85,anxiety,anxiety_processed,i am terrified of falling asleep,,iamfully,3,1748496761.0,0,,
1kxu49a,anxiety,anxiety_processed,can anyone with severe health anxiety please give me some advice what are your symptoms at its absolute worst and how long does it last i feel like i am going crazy,,Lukeyb123456789,12,1748470171.0,18,,
1ky1xa0,anxiety,anxiety_processed,just need some reassurance,,Iliketrains19,3,1748493092.0,1,,
1ky3y9x,anxiety,anxiety_processed,i am not diagnosed but,,hot_nonbinary,2,1748500803.0,1,,
1kxztx4,anxiety,anxiety_processed,hospital visit made health anxiety worse,,Outrageous_Profit989,4,1748486319.0,5,,
1kxy964,anxiety,anxiety_processed,how do i sleep,,imnothereloll,5,1748481591.0,7,,
1kxy84p,anxiety,anxiety_processed,i am a woman living in constant fear of dying because of tachycardia i feel like i am losing myself,,FishermanOther2616,5,1748481506.0,6,,
1kxbjbj,anxiety,anxiety_processed,my mindway moment the night i realized overthinking was stealing my life,,Vivi804,128,1748419410.0,10,,
1kxjzdu,anxiety,anxiety_processed,what are the worst most realistic physical symptoms you have had,,Virtual_Tangerine629,31,1748446002.0,63,,
1ky36ek,anxiety,anxiety_processed,do not see a way out,,sbraun-O,2,1748497747.0,3,,
1ky2l0v,anxiety,anxiety_processed,do you find it difficult to talk in public,,Maevenclaws,2,1748495468.0,3,,
1ky2ir4,anxiety,anxiety_processed,i am freaking out and i need to try to figure this work thing out please please help me,,idontwannausername9,2,1748495233.0,1,,
1kxwjpr,anxiety,anxiety_processed,currently looking for a job,,TheBiggestShitHead,5,1748476685.0,1,,
1kxzkmb,anxiety,anxiety_processed,medication cannot seem to work,,Puzzleheaded-Soil-16,3,1748485534.0,0,,
1kxhsv7,anxiety,anxiety_processed,being borderline as a girlie and feels like a cruel test from the universe,,AdAdorable7651,27,1748440737.0,34,,
1ky1neh,anxiety,anxiety_processed,new symptoms,,KenRH21,2,1748492146.0,0,,
1ky1bf5,anxiety,anxiety_processed,i am afraid,,Suitable_Bat_3795,2,1748491076.0,6,,
1ky4rid,anxiety,anxiety_processed,i think it is anxiety and i think weed is making it worse,,kompliqated,1,1748504063.0,0,,
1ky4oiq,anxiety,anxiety_processed,i really need some help supporting my partner,,thehellofthings,1,1748503737.0,0,,
1kxy8gz,anxiety,anxiety_processed,i relapsed in my health anxiety,,suomi358,3,1748481535.0,1,,
1ky4b9y,anxiety,anxiety_processed,need someone to talk to,,HAB1922,1,1748502240.0,0,,
1ky4533,anxiety,anxiety_processed,i hate feeling socially anxious and i want it to stop,,CIRNGE,1,1748501567.0,0,,
1ky4516,anxiety,anxiety_processed,i hate feeling socially anxious and i want it to stop,,CIRNGE,1,1748501562.0,1,,
1ky4407,anxiety,anxiety_processed,week long class trip,,strawberryblooming,1,1748501445.0,0,,
1ky3ucb,anxiety,anxiety_processed,had the worst panic attack of my life made my anxiety better,,DetectiveSmart3912,1,1748500355.0,0,,
1ky3se4,anxiety,anxiety_processed,what is the issue,,Routine_Natural_4046,1,1748500149.0,3,,
1kxzvl6,anxiety,anxiety_processed,is health anxiety really anxiety,,ApprehensiveWord4234,2,1748486456.0,10,,
1ky3pew,anxiety,anxiety_processed,something weird is going on,,SuccessTurbulent,1,1748499823.0,0,,
1ky3ic5,anxiety,anxiety_processed,can ativan give energy,,ferphoto89,1,1748499049.0,8,,
1ky3b9v,anxiety,anxiety_processed,ativan hydroxyzine together,,Candid_Childhood8621,1,1748498298.0,0,,
1ky3b8m,anxiety,anxiety_processed,can someone help me understand or just talk about intrusive thoughts,,Much_Grapefruit8969,1,1748498295.0,1,,
1kxzay6,anxiety,anxiety_processed,tinglynumb hands and legs,,Ekball15,2,1748484719.0,1,,
1ky36ig,anxiety,anxiety_processed,does hydroxyzine because sexual side effects,,Objective_Smoke_4750,1,1748497758.0,1,,
1ky2qs1,anxiety,anxiety_processed,struggling with making phone calls,,MacabreHatta,1,1748496065.0,1,,
1ky2lpg,anxiety,anxiety_processed,how do you get rid of that random feelings so impending doom,,SilentPhilosophy799,1,1748495538.0,1,,
1ky2kx4,anxiety,anxiety_processed,air hunger and yawning non stop,,ShoddyExtreme1277,1,1748495457.0,0,,
1kxy9s2,anxiety,anxiety_processed,time anxiety,,DigitalChronophobia,2,1748481639.0,0,,
1kxolt0,anxiety,anxiety_processed,my job is destroying my mental health,,TeaAffectionate2892,7,1748456953.0,4,,
1ky2d8y,anxiety,anxiety_processed,buying medication,,LHWritings,1,1748494695.0,0,,
1kxxr0b,anxiety,anxiety_processed,anxiety over random stuff,,rudjdd,2,1748480113.0,2,,
1kxxqmp,anxiety,anxiety_processed,traveling with anxiety,,Significant-Fan-2591,2,1748480082.0,0,,
1kxde5b,anxiety,anxiety_processed,when is the last time you felt peace even for a moment,,Sea-Purchase1482,30,1748427077.0,35,,
1ky21rs,anxiety,anxiety_processed,chesthealth anxiety help,,SafeTemperature4826,1,1748493535.0,2,,
1kxuu81,anxiety,anxiety_processed,it is getting so bad again,,Normal_Manner_4055,3,1748472060.0,3,,
1ky1xg9,anxiety,anxiety_processed,facial movements when anxious,,Responsible_Bag_4477,1,1748493109.0,0,,
1kxxfn9,anxiety,anxiety_processed,should i start anti anxiety meds,,lakemobius,2,1748479184.0,2,,
1ky1ru0,anxiety,anxiety_processed,travel anxiety,,Prudent_Ad8466,1,1748492557.0,3,,
1kxx7s2,anxiety,anxiety_processed,my health anxiety is going crazy right now and i am scared,,Itz_MysteryGalaxy,2,1748478554.0,2,,
1ky1mmp,anxiety,anxiety_processed,effexor does norepinephrine because flushing and overstimulation struggling at mg,,Ok-Elderberry-7502,1,1748492078.0,0,,
1kxru3q,anxiety,anxiety_processed,my experience with propanolol,,tahataufeeqkhan,4,1748464652.0,0,,
1ky1eyx,anxiety,anxiety_processed,is stress handling level related to sleeping duration,,KeyFaithlessness3925,1,1748491371.0,0,,
1ky1cyr,anxiety,anxiety_processed,i have been waking up and immediately going into a panic attack it is pretty miserable,,Certain_Screen_8818,1,1748491213.0,0,,
1kxww9w,anxiety,anxiety_processed,how long does mg propranolol last and when should i take it,,Latter-Set-5473,2,1748477645.0,2,,
1ky19yj,anxiety,anxiety_processed,panic mode,,SpiritSea486,1,1748490932.0,0,,
1kxrhe7,anxiety,anxiety_processed,anxiety meds help fluoxetine,,seonghwacat-ears,3,1748463820.0,11,,
1kwxxix,anxiety,anxiety_processed,if you are considering taking propanolol,,thewannabe2017,314,1748377777.0,175,,
1ky105z,anxiety,anxiety_processed,trying to figure out if i can take my anxiety medicine,,KitMocahbee,1,1748490020.0,0,,
1ky0yqr,anxiety,anxiety_processed,anxious about walking around a burned house,,HeyItsProgram,1,1748489888.0,0,,
1kxwdob,anxiety,anxiety_processed,sertraline mg and ear pain,,glittery_gal89,2,1748476219.0,0,,
1ky0pvp,anxiety,anxiety_processed,my parents have no income right now and i am stressed,,Popular_Ship1249,1,1748489094.0,0,,
1ky0llr,anxiety,anxiety_processed,how to not depend on others,,macandbeez,1,1748488717.0,2,,
1ky0jrl,anxiety,anxiety_processed,is it alcohol related,,dorothyyanke9279,1,1748488557.0,0,,
1ky0hjy,anxiety,anxiety_processed,is this ocd,,ApprehensiveWord4234,1,1748488365.0,2,,
1kxq6n5,anxiety,anxiety_processed,weird physical symptoms,,No-Cartoonist-4830,5,1748460721.0,1,,
1kxvmod,anxiety,anxiety_processed,mg kpin,,Various_Cockroach_67,2,1748474161.0,1,,
1ky089k,anxiety,anxiety_processed,face getting red and hot,,frosty-cherrlxs,1,1748487574.0,8,,
1ky05av,anxiety,anxiety_processed,struggling with anxiety while my boyfriend is at a friends house,,Fair_Kitchen_4922,1,1748487315.0,1,,
1ky01wh,anxiety,anxiety_processed,quitting diet sodas,,FaeBaeObeyMe,1,1748487011.0,1,,
1kxzw25,anxiety,anxiety_processed,stuck in worry loops,,Bublymangowater93,1,1748486497.0,0,,
1kxzuev,anxiety,anxiety_processed,what happened to me i just had like a hour long marathon panic attack or something,,Ghostly_00,1,1748486361.0,0,,
1kxztl5,anxiety,anxiety_processed,so many social media ads for random diseases anxiety up dae get these,,MotherOfDovah,1,1748486293.0,1,,
1kxzmks,anxiety,anxiety_processed,anxiety from bad teeth,,HAB1922,1,1748485699.0,0,,
1kx6cy9,anxiety,anxiety_processed,why do i have daily death cancer anxiety,,im_not_ready_for_it9,76,1748400758.0,26,,
1kxrh3i,anxiety,anxiety_processed,what you focus on is what you get,,vmtz2001,3,1748463798.0,0,,
1kxzay5,anxiety,anxiety_processed,did you ever think you had celiac from an anxiety reaction,,Capital-Stay4423,1,1748484719.0,0,,
1kxza3z,anxiety,anxiety_processed,me siento débil perdido ansioso y no sé cómo seguir así todos los días,,Fast_Mirror_5691,1,1748484650.0,1,,
1kxz7pr,anxiety,anxiety_processed,quit daily weed use and now i am dealing with panic attacks and anxiety,,This-Bend-1034,1,1748484443.0,4,,
1kxdgnm,anxiety,anxiety_processed,prescribed proparnolol for anxiety,,Pile0fBones,17,1748427349.0,9,,
1kxl5f6,anxiety,anxiety_processed,for people who have cut put caffeine and pop how much has it helped your anxiety,,LadderUnusual9590,7,1748448779.0,18,,
1kxywxl,anxiety,anxiety_processed,anxiety sort of getting out of hand,,Junior_Bet224,1,1748483555.0,0,,
1kxytp9,anxiety,anxiety_processed,scared to let my guard down in fear of bad things happening,,No_Coffee_6733,1,1748483294.0,0,,
1kxyqe4,anxiety,anxiety_processed,jumping the gap from school to working full time is so hard,,Content_Tortise137,1,1748483014.0,0,,
1kxy75k,anxiety,anxiety_processed,just got my klonopin and curious about dosage,,BENDErplzinsrtgrd,1,1748481426.0,2,,
1kxxyi0,anxiety,anxiety_processed,little humor to cope,,New_Schedule8886,1,1748480724.0,0,,
1kxsmkq,anxiety,anxiety_processed,mental health question,,blvckcrowley,2,1748466497.0,6,,
1kxscej,anxiety,anxiety_processed,feeling anxiety in the stomach how to stop,,suckerpunch666666,2,1748465838.0,3,,
1kxop1f,anxiety,anxiety_processed,facial tingling,,mignon125,3,1748457163.0,0,,
1kxhnxt,anxiety,anxiety_processed,anxiety is ruining mine and my families vacation,,No_Bother_9650,7,1748440379.0,6,,
1kxujy5,mentalhealth,mentalhealth_processed,things my ex did and i still stayed just a few months and it already wrecked me,,Delicious-Mouse-935,50,1748471303.0,6,,
1kxykqn,mentalhealth,mentalhealth_processed,crisis hotline sucks,,Gemma_12,22,1748482543.0,14,,
1ky44s4,mentalhealth,mentalhealth_processed,being ok is exhausting,,WorldEmbarrassed848,6,1748501533.0,5,,
1kxn5wu,mentalhealth,mentalhealth_processed,i am seeing a psychiatrist without my parents knowingconsenting,,CaptainNooters,66,1748453569.0,41,,
1kxu5un,mentalhealth,mentalhealth_processed,i want to talk to someone please,,DRK_PHANTOMx908,20,1748470285.0,33,,
1ky4l3a,mentalhealth,mentalhealth_processed,my therapist gave up on me,,IDoBeVibing745,3,1748503350.0,2,,
1ky1mz0,mentalhealth,mentalhealth_processed,i am horribly empathetic,,luao_,6,1748492107.0,4,,
1ky2oxj,mentalhealth,mentalhealth_processed,sleeping sucks,,Putrid-Study-4437,4,1748495863.0,0,,
1kxfdwl,mentalhealth,mentalhealth_processed,dated a nice guy then he tried to beat me to dth,,Dizzy_Session,94,1748434040.0,49,,
1ky0wh2,mentalhealth,mentalhealth_processed,thinking about leaving my husband,,addictedtoshindig,5,1748489682.0,5,,
1kxjrge,mentalhealth,mentalhealth_processed,can a man be so hurt by a woman that he does not find women attractive anymore,,Pristine-Station-228,49,1748445473.0,48,,
1kxwuu6,mentalhealth,mentalhealth_processed,is this self harm of some kind,,EnniPumpkin,9,1748477531.0,8,,
1ky4hhs,mentalhealth,mentalhealth_processed,frustrated with life,,hopeso1234,2,1748502956.0,2,,
1ky2db1,mentalhealth,mentalhealth_processed,i loved her but i did not know how to love without becoming him,,This-Anywhere7064,3,1748494702.0,0,,
1kxv6hs,mentalhealth,mentalhealth_processed,i just want to hug everyone here you are not alone,,HistoricalUsual9147,10,1748472972.0,1,,
1kxov8w,mentalhealth,mentalhealth_processed,sexual pleasure and intrusive thoughts,,SomeoneNamedAnon,20,1748457586.0,1,,
1ky42p5,mentalhealth,mentalhealth_processed,i do not know what to do,,Cool-Technician8567,2,1748501295.0,1,,
1ky3v2p,mentalhealth,mentalhealth_processed,i recently convinced myself that nothing is real,,Kind_Adhesiveness792,2,1748500435.0,1,,
1kxzfwz,mentalhealth,mentalhealth_processed,struggling,,Intelligent-Duty6854,4,1748485133.0,4,,
1ky3aqm,mentalhealth,mentalhealth_processed,i am so fucking tired of high school and immature ableists,,doritodog007,2,1748498235.0,0,,
1kxz7re,mentalhealth,mentalhealth_processed,extremely depressed and need suggestions please help,,failingfather1,4,1748484447.0,2,,
1kxvvjp,mentalhealth,mentalhealth_processed,should i go through with it,,No_Hawk7992,6,1748474832.0,10,,
1kxyhk8,mentalhealth,mentalhealth_processed,i am so lost,,danirl_bay,4,1748482274.0,2,,
1ky02jg,mentalhealth,mentalhealth_processed,i feel as if i do not belong anywhere,,Far-Pin-6377,3,1748487067.0,1,,
1kxzuf2,mentalhealth,mentalhealth_processed,bad flashback plays in my head,,Comicguy2908,3,1748486361.0,1,,
1ky1zz5,mentalhealth,mentalhealth_processed,how has fiction helped you,,TheySaveUs2,2,1748493353.0,2,,
1kxq98w,mentalhealth,mentalhealth_processed,how do i accept i am entitled to nothing,,New-Bat5284,10,1748460892.0,3,,
1kxfijx,mentalhealth,mentalhealth_processed,is fantasizing about violence ok,,BeeLover44,38,1748434438.0,18,,
1kxqtgx,mentalhealth,mentalhealth_processed,i am alone all the time and feel depressed,,ArtisticKey9713,10,1748462229.0,11,,
1ky4suv,mentalhealth,mentalhealth_processed,i need help please i do not have confidence in me anymore how do i love myself more,,ImaginationMore6362,1,1748504217.0,0,,
1kxv3e9,mentalhealth,mentalhealth_processed,my job is ruining my life,,KeyboardMunkeh,5,1748472743.0,4,,
1kxwliw,mentalhealth,mentalhealth_processed,why do i have this feeling of emptiness,,Academic_Owl9467,5,1748476824.0,4,,
1ky4jqe,mentalhealth,mentalhealth_processed,i want to talk to someone,,Similar-Base-61,1,1748503201.0,2,,
1ky4jdi,mentalhealth,mentalhealth_processed,aussie battling darkness help fund mental health care,,Several-Scarcity3920,0,1748503163.0,0,,
1kxy8dq,mentalhealth,mentalhealth_processed,hate myself more than anyone else,,minus989,3,1748481527.0,5,,
1ky4gvs,mentalhealth,mentalhealth_processed,psychologist forgets meetings,,etti1612,1,1748502891.0,1,,
1kxoswe,mentalhealth,mentalhealth_processed,fear of dying and the afterlife,,ApricotKit,10,1748457419.0,34,,
1ky459j,mentalhealth,mentalhealth_processed,grasping at straws,,Outrageous-Buy-4851,1,1748501589.0,0,,
1ky3zzl,mentalhealth,mentalhealth_processed,antidepressants gave insane suicidal thoughts,,meeps3unitee,1,1748500993.0,1,,
1ky3ym3,mentalhealth,mentalhealth_processed,panic disorder diagnosis,,Necessary-Weight2851,1,1748500843.0,0,,
1ky3n25,mentalhealth,mentalhealth_processed,risperidoneadhd,,Beautiful-Panic-3785,1,1748499564.0,1,,
1ky3lze,mentalhealth,mentalhealth_processed,i feel like drowning in pain,,Toorgiam,1,1748499443.0,1,,
1ky3id5,mentalhealth,mentalhealth_processed,tired but holding on,,OneTrash2888,1,1748499052.0,1,,
1ky3fzr,mentalhealth,mentalhealth_processed,school is killing me,,Transfrog1,1,1748498802.0,0,,
1kxwn52,mentalhealth,mentalhealth_processed,why do i get scared when other people cry,,No-Surprise-7069,3,1748476936.0,4,,
1ky39jc,mentalhealth,mentalhealth_processed,falling back on old tics,,LividLuck8,1,1748498103.0,3,,
1ky3827,mentalhealth,mentalhealth_processed,self harm reflection,,BigFatMinnesota,1,1748497933.0,1,,
1ky36fb,mentalhealth,mentalhealth_processed,chakras might influence health,,AdvancedLibrarian528,0,1748497749.0,1,,
1kxz17o,mentalhealth,mentalhealth_processed,i feel so lost,,Lost-Alternative3091,2,1748483916.0,1,,
1ky2ynx,mentalhealth,mentalhealth_processed,stuck in a hellish limbo,,Admixure,1,1748496913.0,1,,
1ky2wsy,mentalhealth,mentalhealth_processed,mental health crisis assistance,,honeybear537,1,1748496713.0,1,,
1ky2wlv,mentalhealth,mentalhealth_processed,dad having suicidal thoughts asked to fly home so that step mom can go on vacation,,TornBurrito,1,1748496691.0,1,,
1ky2w9k,mentalhealth,mentalhealth_processed,i hate my stretch marks,,Due-Alarm-887,1,1748496657.0,3,,
1ky2u1y,mentalhealth,mentalhealth_processed,i think something is wrong with my anger,,CantLiveWithoutWomen,1,1748496420.0,0,,
1kxvvri,mentalhealth,mentalhealth_processed,podcasts causing general irritation and lack of tolerance,,CatCampaignManager,3,1748474848.0,1,,
1kxylx2,mentalhealth,mentalhealth_processed,when does it ever go away,,soshingi,2,1748482641.0,0,,
1kxtoij,mentalhealth,mentalhealth_processed,what do you do when activities you normally find fun just are not anymore,,randomfukkinloser,5,1748469071.0,5,,
1ky2o7s,mentalhealth,mentalhealth_processed,why do i still feel crazy,,This-View-91911,1,1748495791.0,2,,
1ky2ng9,mentalhealth,mentalhealth_processed,unable to cry due to childhood traumaanyone else experience this,,Glad-Passenger-9408,1,1748495717.0,1,,
1ky2n03,mentalhealth,mentalhealth_processed,i need help making a safety plan,,rorihasmorals70,1,1748495671.0,2,,
1ky2mhx,mentalhealth,mentalhealth_processed,today was a good day,,Quinndigo_TheMyth,1,1748495617.0,0,,
1kxtb84,mentalhealth,mentalhealth_processed,just need one,,Floater0001,3,1748468168.0,5,,
1kx9re0,mentalhealth,mentalhealth_processed,what is something you have healed from that you thought you would never get over,,False_Complaint_2033,67,1748412287.0,31,,
1ky28gp,mentalhealth,mentalhealth_processed,my friends are becoming insufferable to me,,Fried-Junior,1,1748494210.0,0,,
1ky27df,mentalhealth,mentalhealth_processed,i am really struggling hard right now,,CLB803,1,1748494101.0,1,,
1kxxmvq,mentalhealth,mentalhealth_processed,mom with bipolar,,CryptographerKind290,2,1748479771.0,0,,
1ky1xmz,mentalhealth,mentalhealth_processed,what do i do tw bad stuff but it will not let me put more tags,,Soggy-Pineapple9948,1,1748493127.0,0,,
1kxniq7,mentalhealth,mentalhealth_processed,i am going to be soon and this thought scares me,,almonds789,8,1748454396.0,22,,
1ky1ia2,mentalhealth,mentalhealth_processed,can you want to die without being depressed,,pepperonichives,1,1748491668.0,0,,
1ky1e9z,mentalhealth,mentalhealth_processed,post ward admission question,,Dapper-Artichoke6050,1,1748491314.0,1,,
1kxrlgx,mentalhealth,mentalhealth_processed,i am trapped,,Nothingmatters427,5,1748464085.0,12,,
1ky17h0,mentalhealth,mentalhealth_processed,genuinely lost,,FrenziedFerrett,1,1748490698.0,0,,
1ky12zy,mentalhealth,mentalhealth_processed,struggling with finding purpose and value in my existence,,Samcohen360,1,1748490278.0,0,,
1ky0z2z,mentalhealth,mentalhealth_processed,why might i be feelingdoing this solutions,,unreliable0narrator,1,1748489919.0,0,,
1ky0uv9,mentalhealth,mentalhealth_processed,adhd taking control,,smuglypuggly,1,1748489537.0,0,,
1ky0o8q,mentalhealth,mentalhealth_processed,helpguidance requested i am overwhelmed by current news politics,,David_cest_moi,1,1748488947.0,0,,
1ky0gz6,mentalhealth,mentalhealth_processed,physical touch,,darling_angel93,1,1748488318.0,0,,
1ky0e9s,mentalhealth,mentalhealth_processed,my mom keeps blaming me for eating late,,DRINKINGMYOWNTEARS,0,1748488083.0,0,,
1ky0e2j,mentalhealth,mentalhealth_processed,how should a slightly physcopathic person support a friend considering scide,,Pristine_Meaning_954,1,1748488067.0,0,,
1ky09qd,mentalhealth,mentalhealth_processed,how can i talk about my unique attraction to insects,,Throwaway486583,1,1748487688.0,0,,
1kxpw26,mentalhealth,mentalhealth_processed,perfectionism killing me,,Throwawaylikeme17,4,1748460014.0,5,,
1ky022r,mentalhealth,mentalhealth_processed,i want to be soulless,,thelonelyjewonxmas,1,1748487026.0,0,,
1ky01lc,mentalhealth,mentalhealth_processed,need help is this normal,,Professional-Tip3320,1,1748486983.0,0,,
1kxzzjw,mentalhealth,mentalhealth_processed,thoughts on prozac,,AnteaterOk5476,1,1748486801.0,2,,
1kxv3wh,mentalhealth,mentalhealth_processed,weather related personality changes,,bubble-buddy2,2,1748472782.0,1,,
1kxzt3n,mentalhealth,mentalhealth_processed,not a professional but i am here,,kitchen024,1,1748486251.0,0,,
1kxv2im,mentalhealth,mentalhealth_processed,i do not know who i am,,Anon683972,2,1748472678.0,0,,
1kxzr5t,mentalhealth,mentalhealth_processed,body image,,Plus_Factor_8019,1,1748486090.0,0,,
1kxpaqj,mentalhealth,mentalhealth_processed,i do not know how to come to terms i will be romantically alone forever,,HP_Fusion,3,1748458604.0,3,,
1kxlvwr,mentalhealth,mentalhealth_processed,update i am a muslim woman who took off her hijab and is currently studying abroad and i think my family does not love me anymore,,freakinbunny,7,1748450527.0,3,,
1kxuqwe,mentalhealth,mentalhealth_processed,aaaaagh i am confused,,SpecialistPiccolo124,2,1748471817.0,0,,
1kxn9yr,mentalhealth,mentalhealth_processed,m going through the worst layoff grief loneliness period of my life need advice,,Abject-Sample7066,5,1748453827.0,4,,
1kxzfql,mentalhealth,mentalhealth_processed,making a big decision need help,,Clean_Subject_2573,1,1748485119.0,0,,
1kxuk93,mentalhealth,mentalhealth_processed,i do not feel like a person,,BONESinBOXES,2,1748471329.0,1,,
1kxzchv,mentalhealth,mentalhealth_processed,lwk a bit confused,,Throwaway180084,1,1748484849.0,0,,
1kxr1xw,mentalhealth,mentalhealth_processed,helping a friend,,Otherwise-Paper-4983,3,1748462789.0,0,,
1kxub6g,mentalhealth,mentalhealth_processed,police mysteriously dropping charges extreme depression anxiety,,Bright-Profession-94,2,1748470672.0,1,,
1kxu5rz,mentalhealth,mentalhealth_processed,i tried therapy and it made me worse,,NegotiationCrafty347,2,1748470279.0,2,,
1ky285d,depression,depression_processed,i am out,,1Hector,23,1748494179.0,4,,
1kxlaoq,depression,depression_processed,stop trusting lies it does not get better only manageable,,Sufficient_Visual891,211,1748449125.0,55,,
1kxsm09,depression,depression_processed,being a submissive boy is so depressing,,DunklerPepe2,57,1748466461.0,37,,
1ky2bnv,depression,depression_processed,spent k on a used car and k in repairs just for my mechanic to tell me it is a dud,,stepbackwhap,12,1748494535.0,12,,
1kxv05h,depression,depression_processed,i am and i think i might end it,,justaguy6792,36,1748472496.0,29,,
1kxy4sz,depression,depression_processed,i feel like a complete loser,,AskMountain7109,16,1748481237.0,8,,
1kxz5nt,depression,depression_processed,i do not want to continue,,AlarmedAd3950,14,1748484273.0,5,,
1kxyv1y,depression,depression_processed,teenage depression,,newmeheree,14,1748483404.0,4,,
1kxrn4o,depression,depression_processed,fuck my genetics,,Bad_Souvenirs_2002,28,1748464196.0,12,,
1kxr1wz,depression,depression_processed,i am such a loser,,Sure-Cranberry8781,28,1748462788.0,19,,
1kxz731,depression,depression_processed,it is all meaningless,,newmeheree,10,1748484388.0,4,,
1ky1k3y,depression,depression_processed,want to be held again,,Specific-Animator-89,6,1748491833.0,5,,
1ky3osh,depression,depression_processed,why else feel like life just sucks and wondering why they are still allowed,,Proper-Youth-6296,4,1748499752.0,0,,
1ky2c7r,depression,depression_processed,lol moment,,Some_Current_8600,5,1748494591.0,3,,
1kxy1us,depression,depression_processed,some words about functional depression,,IcyReview3863,10,1748480995.0,1,,
1ky221e,depression,depression_processed,does it ever get better,,Necessary-Fuel1337,5,1748493565.0,3,,
1ky4jsm,depression,depression_processed,i want to die,,CapableFace8384,3,1748503208.0,0,,
1ky4etk,depression,depression_processed,please someone help,,Brilliant-School-618,3,1748502653.0,5,,
1ky2w7v,depression,depression_processed,i feel empty,,king-fork,4,1748496651.0,1,,
1kxpvj6,depression,depression_processed,i do not want to live anymore,,CryptographerFar40,26,1748459979.0,10,,
1ky0ar8,depression,depression_processed,it is over,,Sclasswizard96,7,1748487780.0,3,,
1kxjpmi,depression,depression_processed,i feel like my life is ending,,ditskiy,50,1748445354.0,8,,
1ky2avz,depression,depression_processed,i have been trying so hard,,Calm-End3899,3,1748494457.0,0,,
1ky3p2c,depression,depression_processed,environmental stressors causing worsening depression and anxiety,,Rookskytwister,3,1748499782.0,0,,
1ky1vid,depression,depression_processed,deep pit in stomach,,Prior_Explorer_2243,4,1748492918.0,1,,
1ky1tla,depression,depression_processed,i hate myself but i hope you hate me a little less,,Individual_Still1398,4,1748492732.0,0,,
1ky0gxm,depression,depression_processed,i do not want to be here anymore,,silkroadrage,5,1748488313.0,1,,
1kxvnp7,depression,depression_processed,i do not know anymore,,PutridAd1790,10,1748474239.0,7,,
1kxyx7v,depression,depression_processed,the wiring of my mind,,outofmyreachifonly,7,1748483579.0,1,,
1kxzxi6,depression,depression_processed,l am very ionely,,Large_Yak8094,5,1748486623.0,2,,
1kxv7eb,depression,depression_processed,feel isolated and alone and its my fault,,Recent-Sound1681,11,1748473036.0,1,,
1kxv4k2,depression,depression_processed,are those suicidal thoughts,,Hot-Rutabaga1990,11,1748472833.0,8,,
1kxzmj2,depression,depression_processed,what is real,,Formal_Shift4831,5,1748485696.0,1,,
1kxwfcn,depression,depression_processed,i am tempted to commit yet something is stopping me,,sourbanana013,7,1748476353.0,1,,
1ky2kye,depression,depression_processed,feeling less of man,,GuthWTF,3,1748495461.0,2,,
1kxcrep,depression,depression_processed,i am year old f and never had a job because of my depression anxiety i have never heard of someone like me,,MaleficentGuest704,113,1748424545.0,16,,
1ky42a7,depression,depression_processed,any tips i am stuck,,gojira_ehakak,2,1748501250.0,1,,
1kxyl2m,depression,depression_processed,i am a waste of space tw,,InvestigatorNo4241,6,1748482570.0,2,,
1kxv0q0,depression,depression_processed,i have booked a therapist,,rubydoesn0texist,8,1748472542.0,5,,
1kxqgea,depression,depression_processed,i think my boyfriend plans on killing himself,,h_mx,14,1748461361.0,6,,
1ky144y,depression,depression_processed,so people say it does not get better,,Sudden_Joke_4899,3,1748490382.0,2,,
1ky36ym,depression,depression_processed,i am turning soon a year from now after that i feel numb,,Ismaeliszero,2,1748497809.0,3,,
1kxpfrf,depression,depression_processed,i wish i was not poor so i am not this depressed,,Agreeable-Mousse3805,14,1748458931.0,0,,
1ky0ogb,depression,depression_processed,i need someone to talk to about these parent problems,,Positive_Pipe_6128,3,1748488967.0,0,,
1kxi1ci,depression,depression_processed,i am years old and i want to die,,userhakoop,34,1748441311.0,13,,
1kxell6,depression,depression_processed,is it actually sad to reach your step count by walking around your bedroom,,throwaway146990,53,1748431514.0,19,,
1kx5hh2,depression,depression_processed,i experienced death finally,,Nick871211,297,1748398146.0,61,,
1kxy52o,depression,depression_processed,beneath the moon,,ThisWriter558,4,1748481261.0,0,,
1kxn71q,depression,depression_processed,i have to die it has to happen,,Horror-Language9447,16,1748453646.0,3,,
1ky266x,depression,depression_processed,depression got worse on venlafaxine,,sidthekid653,2,1748493983.0,2,,
1kxuxho,depression,depression_processed,i do not know if i can keep going,,bufudynee,5,1748472301.0,2,,
1ky1xn3,depression,depression_processed,i am strange,,Individual_Still1398,2,1748493127.0,4,,
1kxxedn,depression,depression_processed,i honestly think i would be better off dead,,Pristine_Ad3279,4,1748479082.0,1,,
1ky1e51,depression,depression_processed,how to help a friend,,Maleficent-Tie6098,2,1748491304.0,1,,
1kx9m5n,depression,depression_processed,forgive me mom i am going to kill myself,,Appropriate-Fox4337,116,1748411746.0,35,,
1ky4s90,depression,depression_processed,always giving but never seeking,,The_Ageless_Writer,1,1748504149.0,0,,
1ky4rry,depression,depression_processed,they are going to lock me up,,greyaliengreydemon,1,1748504094.0,0,,
1ky4pn1,depression,depression_processed,all i feel is sadness,,mightyjackyboi,1,1748503860.0,0,,
1kxwhm6,depression,depression_processed,being kind makes me happy,,No_Map_2190,4,1748476523.0,1,,
1ky0z31,depression,depression_processed,i hate hope it is a curse,,Any_Remote3525,2,1748489919.0,1,,
1kxydk3,depression,depression_processed,everyone is right about me,,throwaway1981_x,3,1748481947.0,3,,
1ky4h8a,depression,depression_processed,i do not know what else to do,,hopeless_02,1,1748502928.0,1,,
1ky0q5j,depression,depression_processed,he just wanted one to stay,,The_Ageless_Writer,2,1748489119.0,0,,
1ky4bou,depression,depression_processed,rant about the world,,Hungry-Pizza-440,1,1748502290.0,0,,
1kxxwyp,depression,depression_processed,i hate how much i hurt everyone,,Local_Breakfast_4761,3,1748480596.0,9,,
1kxstv8,depression,depression_processed,reliant on fucking drugs,,Mesrszmit,6,1748466982.0,3,,
1kxvju6,depression,depression_processed,lonely,,ComprehensiveBad1971,4,1748473947.0,6,,
1ky3zsb,depression,depression_processed,making friends seems cruel,,throwaway253854474,1,1748500971.0,1,,
1kxvb7m,depression,depression_processed,please helpme i beg you,,Frequent-Trash5524,3,1748473311.0,4,,
1kxzxzk,depression,depression_processed,i am depressed ish going on i have had si recently and in the past but never tried why do not you if you are in same situation,,Pleasant_Effort_4070,2,1748486666.0,5,,
1kxx48w,depression,depression_processed,i do not know how much longer i can go on for,,esctyyy,3,1748478281.0,1,,
1ky3n6e,depression,depression_processed,why does everyone always leave,,Objective_Eye_8167,0,1748499576.0,0,,
1kxqf49,depression,depression_processed,i need someone to talk to,,Laseryoass,7,1748461278.0,2,,
1kxsy7n,depression,depression_processed,hi guys i am back,,DeviceBig821,5,1748467281.0,1,,
1ky3fc2,depression,depression_processed,i need a distraction,,Common_Title7402,1,1748498734.0,2,,
1kxnyzz,depression,depression_processed,my mom has been cheating on my dad for years it is broken me and i do not know how to cope anymore,,Obvious-Spinach-6327,9,1748455449.0,4,,
1kxz92u,depression,depression_processed,i really do not want to be here anymore,,PrincessBananas85,2,1748484561.0,18,,
1ky33u2,depression,depression_processed,without resentment or anger i want out,,Pale_Ebb_7322,1,1748497472.0,0,,
1kxw4js,depression,depression_processed,tired of trying,,its_nova_baby,3,1748475520.0,2,,
1kxw3x2,depression,depression_processed,i am so tired,,trypo_v1rus,3,1748475475.0,0,,
1kxyqjq,depression,depression_processed,my mental health is declining,,BallTickler83,2,1748483027.0,6,,
1kxyex7,depression,depression_processed,help i do not know what to do,,fel_matabalan12,2,1748482058.0,2,,
1kxy8i8,depression,depression_processed,would rather not exist anymore,,ImaTonguePunchYou,2,1748481538.0,5,,
1kxr60k,depression,depression_processed,feeling defeated,,OverTriton66,4,1748463063.0,1,,
1kxxqz6,depression,depression_processed,i feel like saying goodbye to the world for good this time,,None,2,1748480111.0,4,,
1kxbdur,depression,depression_processed,i cannot stand being a human,,honeybear_pawprints,45,1748418788.0,10,,
1kxuslt,depression,depression_processed,step forward steps back,,Ok-Debate7558,3,1748471942.0,3,,
1kxuam0,depression,depression_processed,i do not know what to do,,throwawaya_3,3,1748470632.0,0,,
1ky1mt9,depression,depression_processed,for the first time i am afraid,,wungussbill,1,1748492093.0,1,,
1kxtb3j,depression,depression_processed,i was okay,,Select-Moose-1322,3,1748468159.0,0,,
1kxqntz,depression,depression_processed,depression obsessive thought,,throwaway457556,5,1748461847.0,0,,
1kxjy3a,depression,depression_processed,i am tired,,Cheesecakeislife58,9,1748445914.0,7,,
1ky0fjn,depression,depression_processed,going to kill myself tonight,,Historical-Will-7701,1,1748488192.0,3,,
1kxslrc,depression,depression_processed,i genuinely believe everyone hates me please be kind to me,,Latter_Two2831,3,1748466445.0,1,,
1kxhu77,depression,depression_processed,how do i stop crying seriously,,Acrobatic-Ad1356,12,1748440827.0,14,,
1ky09c8,depression,depression_processed,i am struggling with depression,,Intelligent-Duty6854,1,1748487657.0,0,,
1kxsh92,depression,depression_processed,с какого этажа достаточно прыгнуть подростку чтобы умереть,,Aromatic_Rock9652,3,1748466153.0,5,,
1kxvipb,depression,depression_processed,help help help,,Frequent-Trash5524,2,1748473862.0,1,,
